n,deltaTime,Nitrogen Pressure,Pneumatic Circuit Pressure,Purge Circuit Pressure,Oxidizer Fill Pressure,Oxidizer Tank Pressure,Fuel Tank Pressure,Chamber Pressure 1,Igniter Temperature,Oxidizer Bulkhead Temperature,Fuel Bulkhead Temperature,Nitrogen Purge Valve,Oxidizer Fill Valve,GSE Oxidizer Dump Valve,Tank Oxidizer Dump Valve,Main Oxidizer Valve,Main Fuel Valve,Total Tank Mass,Thrust,System Clock,State
0.00,13318.38,9.76,5.86,5.38,12.82,9.69,78.21,8.51,0.00,0.00,0.00,0.00,0.00,0.00,0.00,0.00,0.00,15.40,-0.10,500.41,%sSafe
1.00,78.54,9.76,5.86,5.38,12.82,9.62,78.21,8.51,0.00,0.00,0.00,0.00,0.00,0.00,0.00,0.00,0.00,15.40,-0.10,500.49,%sSafe
2.00,58.57,9.76,5.86,5.38,12.82,9.62,78.42,8.51,0.00,0.00,0.00,0.00,0.00,0.00,0.00,0.00,0.00,15.40,-0.10,500.55,%sSafe
3.00,62.52,9.76,5.86,5.38,12.82,9.62,78.42,9.03,0.00,0.00,0.00,0.00,0.00,0.00,0.00,0.00,0.00,15.40,-0.10,500.61,%sSafe
4.00,55.35,9.76,5.86,5.38,12.82,9.62,78.42,9.03,0.00,0.00,0.00,0.00,0.00,0.00,0.00,0.00,0.00,15.40,-0.10,500.67,%sSafe
5.00,60.63,9.76,5.86,5.38,12.82,9.62,78.42,9.03,0.00,0.00,0.00,0.00,0.00,0.00,0.00,0.00,0.00,15.40,-0.10,500.73,%sSafe
6.00,56.51,9.76,5.86,5.38,12.82,9.62,78.42,9.03,0.00,0.00,0.00,0.00,0.00,0.00,0.00,0.00,0.00,15.40,-0.10,500.78,%sSafe
7.00,57.18,9.76,5.86,5.38,12.82,9.62,78.42,9.03,0.00,0.00,0.00,0.00,0.00,0.00,0.00,0.00,0.00,15.39,-0.09,500.84,%sSafe
8.00,86.31,9.76,5.86,5.38,12.82,9.62,78.42,9.03,0.00,0.00,0.00,0.00,0.00,0.00,0.00,0.00,0.00,15.39,-0.09,500.93,%sSafe
9.00,74.33,10.31,5.86,5.38,12.82,9.62,78.42,9.03,0.00,0.00,0.00,0.00,0.00,0.00,0.00,0.00,0.00,15.39,-0.09,501.00,%sSafe
